{"cameraMode":{"drawMode":0,"name":"Shaded","section":"Shading Mode"},"sceneLighting":true,"audioPlay":false,"sceneViewState":{"showFog":true,"showMaterialUpdate":false,"showSkybox":true,"showFlares":true,"showImageEffects":true,"showParticleSystems":true},"in2DMode":false,"pivot":{"x":0.0,"y":1.0799999237060547,"z":20.31999969482422},"rotation":{"x":-0.07743211090564728,"y":-0.4857349991798401,"z":0.04325142130255699,"w":-0.8695960640907288},"size":11.586349487304688,"orthographic":false}